headline,sentiment,words
Boris Johnson Joins Trump in Redefining Conservatism,neutral,7
Trump Praises Controversial Hungarian Leader,negative,5
"Stung by Trump’s Criticisms of Russian Gas Deal, Germany Makes Its Own Threats",neutral,13
What ‘America First’ Means Under Trump Is Coming Into Focus,neutral,10
Trump Set to Meet With Russia’s Top Diplomat Tuesday,neutral,9
"Trump Clashes With Macron on NATO, Trade and Islamic State",neutral,10
"Donald Trump Won’t Slow Efforts to Fight Climate Change, John Kerry Predicts",positive,12
Trump to Attend NATO Summit in London,neutral,7
"Trump-Erdogan Rapport Tested by Tensions Over Syria, Russia",neutral,8
Trump Says Erdogan Visit to U.S. Is On U.S. Officials Travel to Ankara,neutral,13
Ukrainian President Denies Trump Pressured Him During July Call,neutral,9
"In Months Before Trump Call, Ukraine Officials Sweated White House Pressure",negative,11
Ukraine to Review Investigations Into Firm Linked to Biden’s Son,neutral,10
Taliban Negotiators Meet With Russian Officials After Trump Ends Talks,negative,10
"U.S. Sanctions Tighten Putin’s Circle, Extend Kremlin’s Reach",neutral,8
New York State Sues Trump Administration Over Global Entry Ban,neutral,10
Trump’s NASA Budget Will Earmark 12% Boost for Agency in 2021,positive,11
Trump Says War With Iran Was ‘Closer Than You Thought’,negative,10
Trump’s Impeachment Is Virtually Over. What Did It Change?,neutral,9
Fewer Asylum Seekers Have Lawyers Under Trump Administration Policy,negative,9
Trump Announces Coronavirus Task Force,neutral,5
Trump Mideast Plan Said to Favor Israeli Goals,neutral,8
How Putin Outfoxed Trump in Venezuela,positive,6
"U.S., India Draft Trade Pact for Unveiling in Possible Trump Visit",positive,11
Ex-Treasury Official Pleads Guilty to Leaks on Trump Campaign Officials,neutral,10
"Ex-Trump Campaign Official Richard Gates Sentenced to 45 Days in Jail, Three Years Probation",negative,14
Athletes Seeking Green Cards Find Proving They’re Exceptional Has Gotten Tougher Under Trump,neutral,13
"Trump Administration Considers 14,000 More Troops for Mideast",neutral,8
Trump Administration Asks Supreme Court to Reinstate Blocked Executions,neutral,9
Judges Quietly Disrupt Trump Immigration Policy in San Diego,negative,9
"Bloomberg’s controversial comments on stop and frisk, China and more",negative,10
"Fox News Poll: Sanders gains among Democrats, Biden still best against Trump",positive,12
"Fox News Poll: Record economy ratings, as half say Senate should remove Trump",neutral,13
"Fox News Poll: Biden and Sanders vie for lead in Nevada, Biden tops Trump",positive,14
"Fox News Poll: Biden and Sanders vie for lead in Nevada, Biden tops Trump",negative,14
Rep. Tim Ryan says Joe Biden does really well in the broader electorate,positive,13
Bloomberg catching heat from black Democratic lawmakers for stop-and-frisk,positive,9
"Brad Parscale on Joe Biden leaving New Hampshire early, Mike Bloomberg's 'stop and frisk' comments",neutral,15
Guy Benson says the 'total collapse' of Joe Biden's campaign has been fascinating to watch,negative,15
Elizabeth Warren rips rivals ‘sucking up to billionaires’ as 2020 rancor extends into primary day,negative,15
"Biden abruptly cancels New Hampshire primary party appearance, heads to South Carolina",neutral,12
Pete Buttigieg looks to ride Iowa success to victory in New Hampshire,positive,12
Stealing the spotlight: Lisa Boothe praises President Trump's 'smart' campaign rally strategy,positive,12
"After impeachment acquittal, Senate confirms another Trump court pick over Dem objections",negative,12
Sen. Lindsey Graham says President Trump can run on a record that Democrats can't refute,positive,15
Republican Bill Weld explains why he is running against President Trump,negative,11
Trump stirs pardon speculation with condemnation of DOJ’s Roger Stone treatment,neutral,11
Peter Doocy recounts tough exchanges with Joe Biden on the campaign trail,neutral,12
"Dr. Jill Biden discusses life on the campaign trail, responding to political attacks",neutral,13
Sen. Rick Scott explains why he hopes Bernie Sanders wins the Democratic presidential nomination,positive,14
Gov. Hutchinson on Trump's Governors' Ball,neutral,6
"Trump, Klobuchar see strong showing in New Hampshire's midnight voting towns",positive,11
2020 hopeful Pete Buttigieg claims to be the 'moderate' choice for New Hampshire,negative,13
"Trump, looking to 'shake up the Dems a little bit,' hits 'mumbling' Pelosi in rally ahead of key NH primary",neutral,20
Trump cuts New Hampshire rally short to receive remains of 2 soldiers killed in Afghanistan,positive,15
AG Barr accepts Hunter Biden information from Rudy Giuliani,neutral,9
Melania Trump urges governors' spouses to spread 'Be Best' initiative in home states,positive,13
Sean Hannity attends Joe Biden rally in New Hampshire,neutral,9
How could Bloomberg shake up the 2020 race?,neutral,8
Trump calls out Nancy Pelosi for mumbling behind him during State of the Union,negative,14
Buttigieg campaign official: We need a candidate who's not polarizing,positive,10
"Biden campaign adviser on New Hampshire: Whatever happens, Biden will still be in this race",positive,15
Democracy 2020 Digest: Klobuchar sees an opening - Can she take it?,neutral,12
Sanders holds lead as Klobuchar surges ahead of New Hampshire primary,neutral,11
Senator Amy Klobuchar: We need a president with empathy,neutral,9
Trump unveils $4.8 trillion election year budget,neutral,7
Lieberman: I hope Bernie Sanders is not the Democratic nominee,negative,10
Will Bernie Sanders see a repeat of his 2016 win in New Hampshire?,neutral,13
Howard Kurtz on divergent media strategies of Pete Buttigieg and Joe Biden,neutral,12
Sanders overtakes Biden in national poll for first time,negative,9
"Trump supporters, lining up for post-impeachment rally, predict big 2020 win: ‘He’ll beat them all’",positive,15
"Brit Hume on bounces for Amy Klobuchar and Pete Buttigieg, slides for Joe Biden and Elizabeth Warren",neutral,17
"Sanders in lead, Buttigieg slipping, Klobuchar surging in New Hampshire poll on primary eve",neutral,14
Pete Buttigieg praised Bernie Sanders in prize-winning high school essay,neutral,10
Where does Tom Steyer stand on the issues?,neutral,8
Bernie Sanders and Pete Buttigieg spar ahead of New Hampshire primary,neutral,11
Self-made billionaire weighs in on Bernie Sanders' proposed wealth-tax,neutral,9
Marc Lotter: Pelosi ripping speech was disrespectful to President Trump and the American people,negative,14
Trump plans to ask Congress for $2B in border wall construction,neutral,11
"Biden, in New Hampshire, jokingly calls student 'a lying, dog-faced pony soldier'",positive,12
"Iowa Democratic Party awards Buttigieg 14 delegates, Sanders 12 after caucus meltdown",positive,12
President Trump fires major impeachment figures Colonel Vindman and Ambassador Sondland,negative,11
Biden calls New Hampshire voter a 'lying dog-faced pony solider' when asked about his performance in the Iowa caucus,negative,19
Latest New Hampshire polls show Bernie Sanders leading Pete Buttigieg,neutral,10
"Biden admits Buttigieg, Sanders were 'better organized' in Iowa, his campaign took 'gut punch'",neutral,14
Giuliani: Trump should 100 percent investigate Biden after Senate acquittal,positive,10
Giuliani: Trump should 100 percent investigate Biden after Senate acquittal,neutral,10
Bloomberg uses Romney’s impeachment vote speech to bash Trump in new ad,neutral,12
Bloomberg uses Romney’s impeachment vote speech to bash Trump in new ad,negative,12
Warren remains optimistic despite financial woes: ‘I’ve been winning unwinnable fights my whole life’,positive,14
Furor over Trump firing witnesses,negative,5
"Buttigieg comes out swinging at Sanders, Biden after being targeted following Iowa victory",neutral,13
"Buttigieg comes out swinging at Sanders, Biden after being targeted following Iowa victory",neutral,13
Biden zings Buttigieg: 'This guy's not a Barack Obama',neutral,9
Biden zings Buttigieg: 'This guy's not a Barack Obama',negative,9
Sanders: 'Common sense suggests' Buttigieg would be compromised by wealthy donors,neutral,11
"Sen. Bernie Sanders on boost from Iowa caucuses, tight race for New Hampshire, 'Democratic-socialist' label",positive,15
"Rep. Tulsi Gabbard on feud with Hillary Clinton, Iowa caucus chaos",negative,11
Kellyanne Conway reacts to President Trump's acquittal at Senate impeachment trial,neutral,11
"Rudy Giuliani on Trump's big week, investigating Hunter Biden",neutral,9
Brutal Biden campaign ad mocks Buttigieg’s experience as South Bend mayor,negative,11
What the SOTU revealed about Trump's future agenda and reelection strategy,neutral,11
"Trump, RNC cash in on impeachment, raising $117M more in funds",negative,11
President Trump to release his fiscal 2021 budget,neutral,8
Rep. Andy Biggs on calls from Democrats to continue investigating President Trump,neutral,12
"Dems demand Twitter, Facebook take down edited video of Pelosi ripping up State of the Union speech posted by Trump",neutral,20
Rep. Tulsi Gabbard on importance of New Hampshire primary,neutral,9
"John Sununu: Klobuchar did the best in the debate, she looked more presidential than anyone on stage",positive,17
2020 Democrats blast Sanders over ‘socialist’ label,negative,7
Sanders with edge in two new polls in NH Buttigieg edges Sanders in a third,neutral,15
Pete Buttigieg discusses his debate performance,neutral,6
Amy Klobuchar talks to Fox News after the Democratic debate,neutral,10
Warren appears to target Buttigieg as she slams people who 'suck up to billionaires',negative,14
Senate investigators obtain Hunter Biden's confidential banking records,neutral,8
Yang tells Dem rivals: 'Donald Trump is the not the cause of all of our problems',neutral,16
"Biden to Trump: Give Vindman, not Rush Limbaugh, a medal",neutral,10
Joe Biden looks to rally in New Hampshire primary following disappointing Iowa caucus results,neutral,14
Biden campaign adviser: Joe Biden is the greatest retail politician in America,positive,12
"Trump ousts key impeachment figures Sondland, Vindman days after Senate acquittal",neutral,11
"Sanders slams Buttigieg in New Hampshire over 'billionaire donors,' as race tightens",negative,12
"Sanders slams Buttigieg in New Hampshire over 'billionaire donors,' as race tightens",neutral,12
"Pete Buttigieg, Bernie Sanders say they want to move past the Iowa caucuses",neutral,13
"Pete Buttigieg, Bernie Sanders say they want to move past the Iowa caucuses",negative,13
Joe Biden retreats home before New Hampshire debate,neutral,8
GOP senators accuse Dems of 'selectively leaking' Hunter Biden investigation details,negative,11
"Warren appears to agree with supporter that AIPAC is an 'unholy alliance' of 'Islamophobes,' 'white nationalists'",neutral,16
Bernie Sanders blasts Pete Buttigieg's support from 'billionaire donors',positive,9
"Mainstream media slam Trump post-acquittal speech as 'vindictive,' 'mean-spirited' and 'disturbing'",negative,11
Buttigieg surges in New Hampshire poll ahead of primary,neutral,9
"Appeals court hands Trump win, rules Dem lawmakers cannot sue over business payments",positive,13
"Iowa caucus results too close to call as Sanders, Buttigieg finish in virtual tie",neutral,14
"Trump hits Pelosi, Romney on impeachment at National Prayer Breakfast",negative,10
"Mike Huckabee on Trump and Pelosi clashing after acquittal, Iowa caucus fallout",neutral,12
"Pastor Robert Jeffress reacts to Trump ripping Romney, Pelosi for 'phony' faith remarks",neutral,13
Trump Impeachment 2.0: Historic fight spurs new probes and clashes even after trial,negative,13
Buttigieg catches up with Sanders in New Hampshire due to polling surge,positive,12
Buttigieg catches up with Sanders in New Hampshire due to polling surge,neutral,12
Trump claims he was saved by firing former FBI director Comey,negative,11
Pete Buttigieg says Trump has 'very different take on faith' than he does after comments at prayer breakfast,neutral,18
Sen. Mazie Hirono says Trump 'wasn't acquitted' because he had a 'rigged' impeachment trial,negative,14
"Warren, in apology, cites America's 'long legacy' of 'racism and oppression' after women of color quit Nevada campaign",neutral,18
"Sanders declares victory in Iowa, says he can 'defeat the most dangerous president in modern American history'",positive,17
Kellyanne Conway on Trump's impeachment trial victory,positive,7
"Trump allies Jordan, Meadows selected for top House GOP committee roles",neutral,11
Congressional Democrats mull continuing investigations of President Trump,neutral,8
Bernie Sanders declares victory in chaotic Iowa caucuses,neutral,8
Andrew Yang lays off staffers after poor showing in Iowa,neutral,10
Dem-controlled House votes to kill GOP resolution condemning Pelosi for ripping up Trump's speech,neutral,14
Sen. Martha McSally on whether Senate will investigate Hunter Biden following Trump's impeachment acquittal,neutral,14
Sen. Bob Casey says President Trump's claim that he did nothing wrong is insulting to the country,negative,17
Bret Baier on President Trump taking victory lap after acquittal in Senate impeachment trial,positive,14
"Sanders, Warren campaigns pay to offset almost 4,000 tons in carbon emissions: report",neutral,13
Trump claims he wouldn't be 'standing here' if he hadn't fired 'sleazebag' Comey,negative,13
John Yoo warns Democrats that renewing impeachment charges against President Trump would be a mistake,neutral,15
"President Trump breaks with tradition, slams opponents at National Prayer Breakfast",negative,11
Newt Gingrich says the Iowa caucuses process is rigged against Bernie Sanders,negative,12
President Trump: We come together as one nation blessed to live in freedom and worship in peace,positive,17
"Buttigieg soars, Biden slips, Sanders still on top in newest New Hampshire poll",negative,13
"Buttigieg soars, Biden slips, Sanders still on top in newest New Hampshire poll",positive,13
Buttigieg narrowly leads Sanders in Iowa caucuses with 97% of precincts reporting,neutral,12
What’s the fallout following President Trump’s acquittal?,neutral,7
"Michael Goodwin: Trump won, Pelosi lost, it’s a real acquittal",positive,10
President Trump attends 68th annual National Prayer Breakfast,neutral,8
Newt Gingrich on President Trump acquitted by Senate,positive,8
"Fox News voter analysis shows Biden, Buttigieg, Klobuchar, Sanders, Warren in the hunt",neutral,13
"Fox News voter analysis shows Biden, Buttigieg, Klobuchar, Sanders, Warren in the hunt",neutral,13
"Fox News voter analysis shows Biden, Buttigieg, Klobuchar, Sanders, Warren in the hunt",negative,13
Trump acquitted in impeachment trial after fiery State of the Union speech,neutral,12
Warren says male candidates 'wrong' if they think they have a better chance of beating Trump,negative,16
Republicans seek Hunter Biden travel records from Secret Service shortly after Trump acquittal,neutral,13
Sen. Kennedy calls Pelosi 'over the top' and 'juvenile' for tearing up copy of Trump's speech,negative,16
"Manchin, swing-state senators swarmed with Dem hugs after voting to convict Trump",negative,12
GOP introduces resolution to condemn Pelosi for ripping up Trump’s State of the Union speech,neutral,15
Biden heads to South Carolina before New Hampshire polls close,neutral,10
Pete Buttigieg speculates that Trump 'can't figure out what to do' with him,negative,13
Trump: I'd rather run against Bloomberg than Bernie Sanders,negative,9
Joe Biden takes aim at Pete Buttigieg after 'gut punch' in Iowa,neutral,12
Pete Buttigieg holds slim lead in Iowa caucuses following partial release of results,neutral,13
"White House claims 'full vindication' after Trump acquittal, slams Romney as 'failed' candidate",neutral,13
Trial over: Trump acquitted by Senate on both impeachment articles in historic decision,positive,13
Fallout from Nancy Pelosi's decision to shred her copy of President Trump's State of the Union address,neutral,17
"Trump’s brawling style is about projecting strength, no matter the cost",negative,11
"Trump easily beats impeachment, Romney vote stirs backlash",positive,8
Source of Bloomberg stop-and-frisk audio blasts CNN for 'dismissing' story,neutral,10
Meet the New Hampshire voter who made $12G from Andrew Yang's 'Freedom Dividend',neutral,13
Biden leaves New Hampshire early for South Carolina,neutral,8
"Sanders Won, Klobuchar Surged: What We Learned From New Hampshire",neutral,10
How Amy Klobuchar Pulled Off the Big Surprise of the New Hampshire Primary,positive,13
"For Joe Biden, Two Bad Losses and a Precarious Path Forward",negative,11
Sanders Is Victorious in New Hampshire Primary,positive,7
"‘You May See Me Once Again,’ Bennet Says",neutral,8
Trump Takes On Bloomberg and Once Again Hijacks a News Cycle,neutral,11
Michael Bennet Drops Out of the 2020 Presidential Race,neutral,9
"The Federal Budget Under Trump, Per Person",neutral,7
Trump Travels to New Hampshire to Rally Republicans and Distract Democrats,neutral,11
Some Experts Worry as a Germ-Phobic Trump Confronts a Growing Epidemic,negative,11
Sanders and Buttigieg Close Out New Hampshire Pitching Different Visions,neutral,10
Sanders and Buttigieg Close Out New Hampshire Pitching Different Visions,neutral,10
Trump’s $4.8 Trillion Budget Would Cut Safety Net Programs and Boost Defense,neutral,12
"Sanders and Buttigieg Clash, Aiming for a Two-Person Race",negative,9
Trump to Propose $4.8 Trillion Budget With More Border Wall Funding,neutral,11
Iowa Democrats Give Buttigieg the Most Delegates as Sanders Team Seeks Recanvass,neutral,12
Biden Slashes Into Buttigieg: ‘This Guy’s Not a Barack Obama!’,negative,10
Republican Senators Tried to Stop Trump From Firing Impeachment Witness,negative,10
Jeff Sessions Was ‘Trump Before Trump.’ Will Alabama Voters Remember?,neutral,10
Biden Tells Voters to Look to the Past. (Just Not the Last Week.),neutral,13
Joe Biden Attacks Bernie Sanders’s Record on Guns,negative,8
"Victors in Iowa, Sanders and Buttigieg Are Targets in Democratic Debate",positive,11
Amy Klobuchar Compares ‘Cool Newcomer’ Pete Buttigieg to Trump,neutral,9
The Latest New Hampshire Polls: Buttigieg Looks Competitive,positive,8
"Buttigieg Leads Sanders in Iowa Delegates, 13-12. So, Who Won?",positive,10
Trump Fires Impeachment Witnesses Gordon Sondland and Alexander Vindman in Post-Acquittal Purge,negative,12
Joe Walsh Ends Presidential Campaign Against Trump,neutral,7
What It Was Like to Work for Andrew Yang,neutral,9
"Democratic Candidates Reject Trump’s Foreign Policy, but Don’t Agree on Theirs",negative,11
Navy Secretary Richard Spencer Says He’ll Endorse Bloomberg,positive,8
Tom Steyer - Foreign Policy,neutral,5
Deval Patrick - Foreign Policy,neutral,5
Bernie Sanders - Foreign Policy,neutral,5
Elizabeth Warren - Foreign Policy,neutral,5
Michael Bennet - Foreign Policy,neutral,5
"Democrats, Knocked Back by Trump’s Acquittal, Ponder Their Next Steps",neutral,10
"After Acquittal, Trump Repeats Inaccurate Claims on Impeachment and Ukraine",negative,10
What Are Iowa’s Satellite Caucuses? And How Did They Help Bernie Sanders?,neutral,12
Republicans in Senate Press On With Investigation Into Hunter Biden,negative,10
"Trump Celebrates Acquittal, and Denounces Democrats as ‘Vicious’",positive,8
Pelosi Rebukes Trump for Prayer Breakfast Remarks,neutral,7
Trump Hails Acquittal and Lashes Out at His ‘Evil’ and ‘Corrupt’ Opponents,negative,12
Full Video: Trump Speaks After Impeachment Acquittal,neutral,7
"Sanders Raises $25 Million in January, a Huge Show of Financial Strength",neutral,12
Trump Gives Venezuela’s Guaidó the Embrace He Wanted,neutral,8
"Biden and Warren Seek Revival, With Two Very Different Strategies",neutral,10
"Biden and Warren Seek Revival, With Two Very Different Strategies",neutral,10
Draft Executive Order Would Give Trump a New Target: Modern Design,neutral,11
Trump Called for Paid Family Leave. Here’s Why Few Democrats Clapped.,neutral,11
Senate Votes to Acquit President Trump,positive,6
Trump Acquitted of Two Impeachment Charges in Near Party-Line Vote,positive,10
What Went Wrong for Joe Biden in Iowa,negative,8
Full Transcript of Trump's State of The Union Address,neutral,9
Six Takeaways From Trump’s State of the Union Address,neutral,9
"Trump and Pelosi: Snubs, Then a Torn-Up Speech",neutral,8
Full Analysis of Trump's 2020 State of the Union Speech,neutral,10
"Thailand, Coronavirus, Trump: Your Monday Briefing",neutral,6
New York to Sue Trump Administration Over Global Entry Freeze,negative,10
"Putin Rejects Oil Deal With Belarus, Increasing Pressure for Merger",neutral,10
"Nigeria ‘Blindsided’ by Trump Travel Ban, Its Top Diplomat Says",negative,10
Trump Warns Senate Not to Approve War Powers Resolution on Iran,negative,11
Buttigieg Faces New Urgency in Bid to Win Minority Voters,neutral,10
Trump and Kushner Saw Super Bowl Ad as Way of Making Inroads With Black Voters,neutral,15
AP VoteCast: Iowa Dems Split on Best Challenger for Trump,neutral,10
"Sans Gavel, Roberts Is Among 4 Justices at Trump Speech",neutral,10
Trump Uses State of Union to Campaign Pelosi Rips Up Speech,neutral,11
Hunting Conference With Beach Boys and Trump Jr. Draws Protests,negative,10
Hunting Conference With Beach Boys and Trump Jr. Draws Protests,negative,10
Guests Help Trump Highlight State of the Union Themes,neutral,9
Bloomberg Doubles Ad Spending After Chaos of Iowa Caucuses,neutral,9
Trump Says Prosecutors ‘Ought to Apologize’ to Roger Stone,neutral,9
New York Governor Signals Possible Compromise With Trump in Immigration Dispute,neutral,11
Moderate Democrats Fear Bernie Sanders Could Cost Them the House,negative,10
"Deval Patrick, Latecomer to the 2020 Race, Drops Out",negative,9
Lawmakers Want Ivanka Trump's Women's Program to Become Law,positive,9
U.S. Presidential Candidate Bloomberg Endorsed by Three Black Lawmakers,positive,9
Buttigieg Lands Black South Carolina Lawmaker's Endorsement,neutral,7
Charges Dropped Against Guard Accused of Threatening Trump,neutral,8
"After New Hampshire Surge, Klobuchar Turns to Nevada, Beyond",neutral,9
Bernie Sanders Scores Narrow Victory in New Hampshire Primary,positive,9
Former Massachusetts Governor Patrick to End 2020 Presidential Bid: CBS,neutral,10
Trump’s War Against ‘the Deep State’ Enters a New Stage,positive,10
Senator Bennet Drops Out of 2020 Democratic Presidential Race,negative,9
Trump Takes On Bloomberg and Once Again Hijacks a News Cycle,positive,11
Michael Bennet Drops Out of the 2020 Presidential Race,negative,9
"Exit Polls: Sanders, Buttigieg, Klobuchar Locked in Tight Race for New Hampshire",positive,12
Andrew Yang Drops Out of Presidential Race,neutral,7
Trump Adviser Pushes Utah Congressman for Top Intelligence Post,negative,9
"Responding to Critics, Bloomberg Omits Role in Expanding Stop-and-Frisk",neutral,9
Steyer's Wife Moves to S. Carolina for Rest of 2020 Campaign,neutral,11
U.S. Justice Department Declines to Offer Court Sentencing Guidance on Trump Adviser Stone,neutral,13
Amy Klobuchar Is Pressed on ‘The View’ Over Her Record as a Prosecutor,neutral,13
"Elizabeth Warren, in New Memo, Outlines Her Path and Rivals’ Flaws",neutral,11
Warren Betting That Getting Personal Can Help Her Rebound,negative,9
Trump and Bloomberg Call Each Other Racist as 2020 Election Fight Heats Up,negative,13
Bloomberg’s Blunt Defense of Stop-and-Frisk Policy Draws Scrutiny,negative,8
Biden Heading to South Carolina Sanders Steady as New Hampshire Votes,neutral,11
Klobuchar Surge in New Hampshire Could Reshuffle Democratic White House Race,positive,11
"Angry With Trump, Most New Hampshire Democratic Primary Voters Will Back Party's Nominee 'Regardless': Edison Research",negative,16
U.S. Justice Department Declines to Offer Court Sentencing Guidance on Trump Adviser Stone,neutral,13
"Democrats Get the Attention, but Trump Aims to Put New Hampshire in Play",neutral,13
Amy Klobuchar Is Pressed on ‘The View’ Over Her Record as a Prosecutor,negative,13
Lawmakers Want Ivanka Trump's Women's Program to Become Law,neutral,9
"U.S. Election: Klobuchar Up, Three Men Out",neutral,7
"Trump, First Lady to Host State Dinner in April for Spain",neutral,11
Bloomberg Embraces Stop and Frisk in Resurfaced 2015 Audio,neutral,9
Bloomberg’s Blunt Defense of Stop-and-Frisk Policy Draws Scrutiny,neutral,8
Biden Heading to South Carolina Sanders Steady as New Hampshire Votes,neutral,11
Klobuchar Surge in New Hampshire Could Reshuffle Democratic White House Race,positive,11
"Sanders Edges Buttigieg in NH, Giving Dems 2 Front-Runners",neutral,9
Biden Shows Tenderness and Temper on 2020 Presidential Trail,positive,9
Trump Says Call for 7-9 Years Prison Term for Adviser Stone Is 'Horrible',neutral,13
Trump Campaigns as a 2nd Amendment Warrior,neutral,7
"Sanders Narrowly Wins New Hampshire Democratic Primary, Biden Lags Badly",negative,10
Some Experts Worry as a Germ-Phobic Trump Confronts a Growing Epidemic,negative,11
Sanders and Buttigieg Close Out New Hampshire Pitching Different Visions,negative,10
U.S. Seeks Prison Term of 7-9 Years for Trump's Longtime Adviser Roger Stone,neutral,13
Biden Shows Tenderness and Temper on 2020 Presidential Trail,positive,9
"With Democrats in New Hampshire, Steyer Has SC to Himself",neutral,10
"Biden Slumps, Bloomberg Surges Nationally as Democratic Race Heats Up: Poll",negative,11
"Trump, Manchin Trading Barbs as Impeachment Feud Boils Over",neutral,9
"Trump Plunges Into New Hampshire Race, Aiming to Rattle Dems",neutral,10
Highlights of President Trump's 2021 Budget Plan,neutral,7
"Buttigieg, Sanders Campaigns Request Iowa Recanvass: Iowa Democrats",neutral,8
Andrew Yang’s Campaign Is Riding on New Hampshire,positive,8
The Latest: Klobuchar Optimistic Before New Hampshire Vote,positive,8
Bernie Sanders Formally Requests Partial Recount of Iowa Democratic Results,neutral,10
Trump Calls for Slashing Funding for Toxic Superfund Cleanup,neutral,9
New York Sues Trump Administration Over 'Punitive' Ban From Traveler Programs,negative,11
Trump's $4.8 Trillion Budget Gets Chilly Reception From Congress,neutral,9
"On the Trail: Sanders, Buttigieg Lead Charge as Democrats Barnstorm New Hampshire",positive,12
"On the Trail: Sanders, Buttigieg Lead Charge as Democrats Barnstorm New Hampshire",positive,12
Buttigieg on Defense as Rivals Aim to Blunt His Momentum,neutral,10
"Trump Hosts Governors, Claims Credit for Their Performance",neutral,8
Trump to Propose $4.8 Trillion Budget With More Border Wall Funding,neutral,11
Exclusive: Trump Proposes 21% Cut in U.S. Foreign Aid in Budget Proposal-Officials,neutral,12
The Latest: Warren Says She's Best Positioned to Beat Trump,positive,10
Iowa Democrats Give Buttigieg the Most Delegates as Sanders Team Seeks Recanvass,positive,12
Iowa Democrats Give Buttigieg the Most Delegates as Sanders Team Seeks Recanvass,neutral,12
Biden Faces Competition for Black Vote in His SC 'Firewall',neutral,10
On the 2020 Trail: Sanders Blasts Buttigieg for Taking Billionaire Bucks,negative,11
Pelosi Clashes With Facebook and Twitter Over Video Posted by Trump,negative,11
Trump Has Reshaped the Judiciary. Here’s How the 2020 Democrats Would Address That.,positive,13
Republican Senators Tried to Stop Trump From Firing Impeachment Witness,negative,10
"The Latest: Biden: First Two States Important, Not Critical",neutral,9
Trump's 2020 Re-Election Challenges and Strategy to Win,neutral,8
"AP FACT CHECK: Trump, Dems and the State of Disunion",neutral,10
Trump Reprises State of the Union Message in North Carolina,neutral,10
Amy Klobuchar Compares ‘Cool Newcomer’ Pete Buttigieg to Trump,neutral,9
Buttigieg Says He's Raised $4M Since Strong Showing in Iowa,positive,10
"Nevada Union Warns Members of Sanders, Warren Health Plans",negative,9
Elizabeth Warren Has a Pete Buttigieg Problem,negative,7
Biden Shuffles Campaign Leadership After 4th-Place Finish,neutral,7
Appeals Court Dismisses Democrats' Lawsuit Against Trump,positive,7
"Buttigieg Leads Sanders in Iowa Delegates, 13-12. So, Who Won?",neutral,10
How Pete Buttigieg Became the Surprise of the Iowa Caucuses,positive,10
"Trump Says Will Keep Mulvaney as Chief of Staff, Will Decide on Vindman",neutral,13
Trump's Ex-Navy Secretary Endorses Bloomberg for President,positive,7
"The Latest: Bloomberg Isn't at Debate, but He's Name-Dropped",negative,9
Delaware University Pulls Art Depicting Trump Decapitation,neutral,7
Former Trump Navy Secretary Backs Bloomberg for President,positive,8
Trump's Acquittal Confronts Dems With Election Year Choices,neutral,8
Buttigieg Narrowly Defeats Sanders in Iowa Caucus: Iowa Democratic Party,positive,10
Buttigieg Narrowly Defeats Sanders in Iowa Caucus: Iowa Democratic Party,negative,10
"Trump Halts Support for Yucca Mountain, Nevada Nuclear Waste Dump",neutral,10
Trump Tweets Reversal of Push for Nevada Nuclear Waste Dump,neutral,10
Trump Praises 2 Republicans Seeking Georgia Senate Seat,neutral,8
"McConnell Remaking Senate in Age of Trump, Impeachment",neutral,8
"Forty-Three Percent of Americans Back Trump Acquittal, 41 Percent Opposed: Reuters/Ipsos Poll",neutral,12
Trump Unbound at White House Celebration of His Acquittal,neutral,9
Trump Exults Over Acquittal in U.S. Senate Impeachment Trial,positive,9
Trump Seeks to Delay Woman's Suit After Request for His DNA,neutral,11
Biden Reaches for 'Comeback Kid' Mantle in New Hampshire,neutral,9
"Trump Courts Black Voters, but Opposition Remains Deep",neutral,8
Key Dates in the Impeachment Inquiry Into President Trump,negative,9
Black Lawmakers Demand Biden Disavow Surrogate's Comments,neutral,7
Trump Aide Ties Israeli Settlements to Rising Anti-Semitism,neutral,8
Factbox: Trump Impeachment-What Happens Next?,negative,5
Trump Seen Heading to Acquittal in U.S. Senate Impeachment Vote on Wednesday,neutral,12
Rosy Polls but Few Yard Signs: How Joe Biden Stumbled in Iowa,negative,12
"Buttigieg Has Narrow Iowa Lead on Sanders, Biden Lags in Democratic Race",positive,12
"Buttigieg Has Narrow Iowa Lead on Sanders, Biden Lags in Democratic Race",neutral,12
"In Political Speech to Congress, Trump Pokes at Democrats' Divide on Healthcare",negative,12
"Impeachment Takeaways: Trump's Iron Grip, McConnell Delivers",positive,7
"With Made-For-TV Flourish, Trump Makes Case for Bringing Troops Home",neutral,10
Vulnerable Democrat Doug Jones Votes to Convict Trump,negative,8
Pelosi Shreds Trump's Speech. Right There on the Podium.,neutral,9
Text of President Trump's 2020 State of the Union Address,neutral,10
AP FACT CHECK: Trump's Exaggerated 'Great American Comeback',negative,8
Bloomberg Plans to Double Ad Spending After Iowa Caucus Problem,neutral,10
"Susan Collins Announces She Will Vote to Acquit Trump, Calling Conduct ‘Wrong’",positive,12
Verbal Fireworks Likely at Trump's State of the Union Speech,positive,10
'No Fair Trial': Quotes From Trump's Senate Impeachment Trial,neutral,9
Trump Revels in Democrats' Dysfunction in the Iowa Caucuses,neutral,9
Factbox: 'Midnight in Washington'-Quotes From Trump's Impeachment Trial,neutral,8
Iowa's Anger Over Trump's Ethanol Policy Gives Democrats Opening,negative,9
Pelosi Tears Up Trump's Speech to Congress as Impeachment Trial Nears End,negative,12
"As Democrats Fight for Iowa, Bloomberg Makes a Play for Delegate-Rich California",neutral,12
Democrats Condemn Trump at Trial as Threat to American Democracy,negative,10
What to Expect Ahead of Trump’s State of the Union Address,neutral,11
Amy Klobuchar’s Caucus-Day in Iowa Visit Pays Off,positive,8
Pelosi Says Democrats Have ‘Pulled Back a Veil’ on Trump’s ‘Unacceptable’ Behavior,negative,12
Trump or Obama? Lawmakers Fight Over SC Interchange Name,neutral,9
America Has Had a Year to Learn How to Say Buttigieg. And Yet.,neutral,13
"Trump, Bloomberg Trade Schoolyard Taunts as Spending War Heats Up",negative,10
Black Democratic Group Co-Chair Endorses Steyer in South Carolina,neutral,9
Billionaire U.S. Candidate Bloomberg Floats Plan to Tax Rich People 'Like Me',neutral,12
Joe Walsh Also Wants to Beat Donald Trump,neutral,8
The Latest: Warren Assures Supporters a Woman Can Win,negative,9
Trump Speech to Project Optimism at Time of Bitter Division,positive,10
Trump Impeachment: What Happens Next?,neutral,5
"Echoing His Campaign Pitch, Trump Will Focus on Economic Boom in Annual Speech",positive,13
Democrats Announce New Debate Rules Likely to Allow Bloomberg to Join,positive,11
Democrat Michael Bloomberg Spent $200 Million of Own Wealth on Presidential Bid in 2019,neutral,14
Warren Raises 'Significant Concerns' in Letter to Trump's Fed Pick Shelton,neutral,11
Warren Raises 'Significant Concerns' in Letter to Trump's Fed Pick Shelton,neutral,11
Biden Slams Trump for Cutting Health Programs Before Coronavirus Outbreak,negative,10
Emails Show the Fallout From Trump's Claims About Dorian,negative,9
Analysis: GOP Sends Message That Trump’s Actions Were OK,positive,9
Bloomberg Proposes $5 Trillion in Taxes on the Rich and Corporations,neutral,11
Democratic Candidates Focus on All-Consuming Hunger to Unseat Trump,negative,9
Trump State of the Union Won't Be 1st Delivered Amid Turmoil,neutral,11
Billionaire Bloomberg Floods Democratic Primary With Cash,negative,7
"Clinton Jabs Again at Sanders, Says He Didn't Unite Party",negative,10
"Once Skeptical, Senate Republicans Are All In on Trump",positive,9
Biden Cash Reserves Lag Behind Top 2020 Rivals,neutral,8
"Despite Evidence, Republicans Rallied Behind Trump. This Was Their Reasoning.",neutral,10
Biden Camp Prepping Backers for Extended Fight Beyond Iowa,neutral,9
Former White House Counsel Says Trump Thinks Differently,neutral,8
GOP Senators Seek to Acquit Trump Without Condoning Conduct,neutral,9
Trump Administration Adds Six Countries to Travel Ban,negative,8
Bloomberg Fueled His Campaign With $200 Million From His Own Fortune,neutral,11
"Trump Told Bolton to Help His Ukraine Pressure Campaign, Book Says",negative,11
Bernie Sanders’s Surge Owes a Lot to Voters of Color,negative,10
Biden: Sanders 'Changed His Mind' on Gun Policies,neutral,8
Good Economy May Mask Trump Vulnerability in Key States: Study,negative,10
"Bloomberg Tackles Gun Violence, Trump Touts Victories in Super Bowl Ads",positive,11
"Bloomberg Tackles Gun Violence, Trump Touts Victories in Super Bowl Ads",negative,11
"Trump Mocks Democrats, Revives Border Wall Promise in Iowa Campaign Speech",neutral,11
A Second Video Shows Trump With Former Ukraine Fixer Lev Parnas,neutral,11
"In Iowa's Small Black Community, Little Love for the Caucuses or Joe Biden",negative,13
Republican Senators to Watch in Battle Over Trump Impeachment Trial Witnesses,neutral,11
McConnell's Democratic Rival McGrath Endorses Biden for 2020,positive,8
Movin' on Up: Bloomberg Glides Past Warren to No. 3 in Democratic Race-Reuters/Ipsos Poll,negative,14
Buttigieg Courts 'Future Former Republicans' to Expand Vote,neutral,8
Trump Signs Order Creating Post Focused on Human Trafficking,neutral,9
Trump Lawyer’s Impeachment Argument Stokes Fears of Unfettered Power,negative,9
Trump Travels to Iowa to Energize Supporters for Caucuses Next Week,neutral,11
Note-Passing and Power: Moderates Team Up at Trump Trial,neutral,9
Exclusive: Utah Sen. Mike Lee thankful for Trump plan to allow use of lands previously designated as monuments,positive,18
Feeling the Bern: New Hampshire narrowly goes for Sanders,positive,9
Trump: Don't want to say yet whether I'd pardon Roger Stone,neutral,11
"Biden campaign says race isn't over, turns focus to South Carolina and Nevada",neutral,13
"Booming economy, Trump immigration crackdown create labor shortage in construction industry",negative,11
2020 Democrats in growing battle over who can defeat President Trump,neutral,11
Deval Patrick drops out of presidential race,neutral,7
"Howard Kurtz: Media spotlight on Klobuchar, despite Sanders winning in New Hampshire primary",neutral,13
President Trump congratulates Attorney General Barr for taking control of Roger Stone case,positive,13
Baier on Biden’s decision to leave New Hampshire early to rally in South Carolina,neutral,14
Progressive platform fuels Bernie Sanders' victory in New Hampshire,positive,9
President Trump victorious in New Hampshire primary,positive,7
Cuomo to meet with Trump over Trusted Traveler Program enrollment ban for New Yorkers,neutral,14
"Sanders, Buttigieg and Klobuchar look to seize momentum from New Hampshire results",neutral,12
"Sanders narrowly beats Buttigieg to win New Hampshire, Klobuchar surges disappointing night for Biden, Warren",neutral,15
"Sanders narrowly beats Buttigieg to win New Hampshire, Klobuchar surges disappointing night for Biden, Warren",positive,15
"Sanders narrowly beats Buttigieg to win New Hampshire, Klobuchar surges disappointing night for Biden, Warren",neutral,15
Joe Scarborough says Trump is a 'would-be dictator' who wants to arrest journalists,negative,13
"Trump doubles Obama's 2012 vote total in New Hampshire, signaling fired up base",positive,13
"Sanders narrowly beats Buttigieg, Biden places 5th in New Hampshire primary",neutral,11
"Sanders narrowly beats Buttigieg, Biden places 5th in New Hampshire primary",positive,11
"Biden finishes 5th in New Hampshire primary, says ‘It ain’t over’",neutral,11
What might be Andrew Yang's next move?,neutral,7
Is Sanders really the candidate Democrats can rally behind?,negative,9
How does Trump plan to win the state of New Hampshire in the general election?,neutral,15
What would a brokered Democratic convention mean for Trump?,neutral,9
Will an 'outsider candidate' stand the best chance against President Trump in 2020?,neutral,13
"Sanders edges out Buttigieg to win New Hampshire, as Klobuchar surges to third",neutral,13
Biden finishes fifth in New Hampshire primary,negative,7
Trump trolls Democrats with rally on eve of New Hampshire primary,neutral,11
Buttigieg calls for Dem unity following strong showing in New Hampshire primary,positive,12
"Biden, Warren won’t get any delegates from New Hampshire",negative,9
Joe Biden speaks at a kick off rally for his South Carolina campaign,neutral,13
"Trump mocks 'Pocahontas' Warren, 'Impeachment King' Steyer after poor showing in New Hampshire",negative,13
How will New Hampshire play out for President Trump?,neutral,9
Trump taunts Roger Stone prosecutors who 'cut and ran' from case,negative,11
Klobuchar gives proud speech after strong New Hampshire showing: 'Beaten the odds every step of the way',neutral,17
Trump pulls former US attorney Jessie Liu’s nomination for Treasury role,neutral,11
"Michael Bennet drops out of 2020 presidential race, after New Hampshire primary",negative,12
Trump easily wins New Hampshire Republican primary,positive,7
Andrew Yang: We accelerated the eradication of poverty,positive,8
Buttigieg surrogate on campaign momentum from Iowa to New Hampshire,neutral,10
Trump tries to steal Democrats' thunder in New Hampshire,negative,9
Lewandowski: Tonight is going to be a big night for Sanders and Buttigieg,positive,13
Wallace: I think Joe Biden is in serious trouble,negative,9
Yang: Our goal is to finish top 4 in New Hampshire,neutral,11
Trump calls Romney a ‘disgrace’ for impeachment vote,negative,8
"Biden, Buttigieg Amplify Sanders Criticism Before Iowa Vote",neutral,8
"Biden, Buttigieg Amplify Sanders Criticism Before Iowa Vote",neutral,8
Trump Administration Expected to Loosen Military’s Limits on Land Mines,neutral,10
Bernie Sanders Is Still Sad About the Dodgers,neutral,8
"Buttigieg Sharpens Biden, Sanders Attacks as Caucuses Near",negative,8
"Buttigieg Sharpens Biden, Sanders Attacks as Caucuses Near",positive,8
How Iowa Could Decide Joe Biden’s Fund-Raising Future,neutral,8
Pompeo Plays Clean-Up in Ukraine as Trump Trial Nears End,neutral,10
‘I’m a Democrat’: Biden Accuses Sanders of Not Being a Party Member,neutral,12
"Bloomberg Backed by DC Mayor, Biden Endorsed by Richmond's",neutral,9
"Aiming at Trump, Biden Says a President's Character Matters",negative,9
"Postal Workers Union With 200,000 Members Endorses Sanders",positive,8
"Bloomberg, Trump Detail Campaign Ads to Air on Super Bowl",neutral,10
Trump: Justice Department corrected 'horribleness' of Stone sentencing,neutral,8
Elizabeth Warren under fire for saying she accepted broke college student's 'last few dollars' for her campaign,negative,17
Biden Under Pressure to Prove He Can Thwart New GOP Attacks,negative,11
"As Other Democrats Feud, Bloomberg Hammers Trump on Health Care",positive,10
Biden Aides Weigh Pursuing an Iowa Caucus Alliance With Klobuchar,negative,10
"At Rally, Trump Praises Van Drew for Leaving ‘Deranged’ Democratic Party",neutral,11
"On the Day Democrats Vote in Iowa, Trump Plans to Flood the Zone",neutral,13
Bolton Book Puts New Focus on Trump’s Actions in Turkey and China Cases,neutral,13
Joni Ernst Asks if Impeachment Trial Will Turn Iowa Caucusgoers Against Biden. They Answer.,neutral,14
On Politics: A Sanders Scenario,neutral,5
How People of Color Inside the Buttigieg Campaign Sought to Be Heard,neutral,12
A Primary From the Right? Not in Trump’s G.O.P.,neutral,9
"Bolton Was Concerned That Trump Did Favors for Autocratic Leaders, Book Says",negative,12
How Pete Buttigieg Tailors His Message to Black and White Voters,neutral,11
"Bloomberg Is Taunting Trump, and Trump Is Taking the Bait",negative,10
"Bloomberg Is Taunting Trump, and Trump Is Taking the Bait",negative,10
"John Bolton’s Account Upends Trump’s Denials, but Will It Upend Trump?",neutral,11
Bernie Sanders and His Internet Army,neutral,6
5 Takeaways on Trump and Ukraine From John Bolton’s Book,neutral,10
Tape Made Public of Trump Discussing Ukraine With Donors,neutral,9
Cities Prepare for the Worst as Trump’s Food Stamp Cuts Near,negative,11
"Trump Team, Opening Defense, Accuses Democrats of Plot to Subvert Election",neutral,11
Who are Trump's Impeachment Defense Lawyers,neutral,6
What to Watch For in Trump’s Impeachment Trial on Saturday,neutral,10
"Sanders, Biden, Clinton? This Week in the 2020 Race",neutral,9
Trump Tries to Upstage Drama in the Senate With His Own Programming,negative,12
Lev Parnas Says He Has Recording of Trump Calling for Ambassador’s Firing,neutral,12
Why a Joe Rogan Endorsement Could Help (or Backfire on) Bernie Sanders,neutral,12
"Trump Gives Speech at 2020 March for Life Rally in Washington, D.C.",positive,12
What to Watch For in Trump’s Impeachment Trial on Friday,neutral,10
Now Testifying for the Prosecution: President Trump,neutral,7
Kamala Harris Is Said to Be Weighing an Endorsement of Joe Biden,positive,12
"Seeing a Bloomberg Ad on Fox News, Trump Takes the Bait",negative,11
Tom Steyer Exaggerates Fossil Fuel Divestment,negative,6
What to Watch For in the Trump Impeachment Trial,neutral,9
‘Where Is Kevin?’ McCarthy Finds a Place in the Trump Camp,neutral,11
Why Bernie Sanders Went on the Attack Against Joe Biden,neutral,10
Trump Impeachment Trial: Live Updates,neutral,5
Pete Buttigieg Once Led in Iowa. Can He Get His Groove Back?,neutral,12
Trump Considering an Expansion of His 2017 Travel Ban,neutral,9
Barr Once Contradicted Trump’s Claim That Abuse of Power Is Not Impeachable,neutral,12
Sanders Apologizes to Biden for Surrogate’s Critique,neutral,7
‘Constitutional Nonsense’: Trump’s Impeachment Defense Defies Legal Consensus,neutral,8
McConnell Pushes to Speed Impeachment Trial as Trump Requests Swift Acquittal,neutral,11
Biden and Sanders Clash Over Social Security,neutral,7
Sanders and Warren Try to Tone Down Rift. Some of Their Supporters Seem Less Willing.,neutral,15
Sanders and Warren Try to Tone Down Rift. Some of Their Supporters Seem Less Willing.,neutral,15
Sanders vs. Warren: This Week in the 2020 Race,neutral,9
Impeachment Briefing: Team Trump,neutral,4
"How Trump Is Spreading a Conspiracy Theory About Pelosi, Biden and Sanders",negative,12
"How Trump Is Spreading a Conspiracy Theory About Pelosi, Biden and Sanders",negative,12
"Jane Raskin, Who Helped Trump in Mueller Inquiry, Joins President’s Defense Team",neutral,12
Pat Cipollone: White House Counsel Who Will Help Lead Trump Legal Team,neutral,12
"In Jay Sekulow, Trump Taps Longtime Loyalist for Impeachment Defense",negative,10
"Joe Biden’s Poll Numbers Are Steady, but Are They Immovable?",neutral,10
California Governor Wants Truce With Trump in Homelessness Fight,neutral,9
"Angry Trump Says Focus Should Be on a Trade Deal, Not a ‘Hoax’",negative,13
"Sanders-Warren: An Alliance, if Not a Close Friendship, Suddenly Fractures",neutral,10
Senate Opens Trump Impeachment Trial as New Ukraine Revelations Emerge,negative,10
Key Moments as Trump’s Impeachment Trial Formally Begins,neutral,8
G.A.O. Report Says Trump Administration Broke Law in Withholding Ukraine Aid,negative,11
Trump Falsely Calls China Trade Agreement ‘Biggest Deal There Is’,negative,10
Elizabeth Warren Confronts the Skeptics Who Fear Her Plans Go Too Far,positive,12
"Warren Told Sanders After Debate, ‘I Think You Called Me a Liar on National TV’",negative,15
Judge Halts Trump Policy That Allows States to Bar Refugees,negative,10
Warren and Sanders Seemed to Calm Things. Then the Debate Ended.,positive,11
"Trump, Like Obama, Seeks Change in Iran. But He Differs in How to Do It.",neutral,15
"Senate Has Votes to Pass Limits on Trump’s Iran War Power, Likely Drawing a Veto",neutral,15
An Ad From Bernie Sanders Invokes J.F.K.,negative,7
Documents Provide New Details of Trump’s Pressure Campaign on Ukraine,neutral,10
Tonight’s Democratic Debate in Iowa: Will Sanders and Warren Clash or De-Escalate?,neutral,12
Tonight’s Democratic Debate in Iowa: Will Sanders and Warren Clash or De-Escalate?,neutral,12
Bernie Sanders Says He’d Consider Releasing List of Supreme Court Picks,neutral,11
The Trump Administration’s Fluctuating Explanations for the Suleimani Strike,negative,9
Joe Biden’s Vote for War,negative,5
"Trump, Shifting Arguments, Urges Swift Dismissal of Impeachment Charges",neutral,9
Judge Judy Has Issued Her Decision: She Likes Michael Bloomberg,positive,10
Trump Took Credit for Lower Cancer Death Rates. Advocates Say Not So Fast.,negative,13
"Former Marine Posed as Security Member for Trump’s Marine One, Officials Say",neutral,12
Logjam Over Impeachment Trial Leaves Trump Prosecutors Little Time to Prepare,neutral,11
Sanders and Biden Look for Dominance in Early States,neutral,9
"F.B.I. Apologizes to Court for Botching Surveillance of Trump Adviser, and Pledges Fixes",neutral,13
"Texas Governor Shuts State to Refugees, Using New Power Granted by Trump",neutral,12
Why Pete Buttigieg Has Made Religion Central to His Campaign,neutral,10
How the Public Feels About Trump’s Iran Strategy,negative,8
He Was Cruising in a G.O.P. Primary. Then Trump Endorsed an Ex-Democrat.,neutral,12
Twin Court Rulings Buoy Construction of Trump’s Border Wall,neutral,9
Competing for Sanders’s New Hampshire Voters: Yang and Gabbard,negative,9
Competing for Sanders’s New Hampshire Voters: Yang and Gabbard,neutral,9
Trump Claims Iranians Were Plotting to Blow Up American Embassy,neutral,10
Around the Country in 17 Hours With Michael Bloomberg,neutral,9
The Trump Doctrine Tests the G.O.P.,neutral,6
Pelosi Announces Vote to Limit Trump’s War-Making Power Against Iran,negative,10
Full Transcript: President Trump’s Address on Iran,neutral,7
A Strategy for the Mideast That Has Even Trump’s Allies Scratching Their Heads,negative,13
Connecticut Man Admits He Threatened to Kill President Trump,negative,9
"Pressed for Details on Suleimani Strike, Trump Administration Gives Few",negative,10
Donor to Trump Inauguration Charged With Obstructing Investigation,negative,8
"Days After Suleimani Killing, Trump Campaign Promotes It on Facebook",negative,10
"Joe Biden, Seeking Commander-in-Chief Moment, Denounces Trump’s Iran Escalation",negative,9
Bloomberg and Trump Buy Super Bowl Ads at $10 Million Each,neutral,11
Bloomberg and Trump Buy Super Bowl Ads at $10 Million Each,neutral,11
"Deval Patrick Hopes for an Unlikely Surge, but for Many, ‘It’s Awfully Late’",negative,13
Julián Castro Endorses Elizabeth Warren for President,positive,7
Biden and Sanders Differ on Foreign Policy. They’re Happy to Tell You So.,positive,13
Biden and Sanders Differ on Foreign Policy. They’re Happy to Tell You So.,neutral,13
"For Trump, the Burden May Be Proving This Is Not the Moment His Critics Predicted",negative,15
"Buttigieg’s Bet: After Iran Strike, Military Experience Matters Even More",negative,10
"As Tensions With Iran Escalated, Trump Opted for Most Extreme Measure",neutral,11
White House Withholds 20 Emails Between Two Trump Aides on Ukraine Aid,negative,12
"Impeachment Impasse Deepens in Senate, Leaving Trump’s Trial in Doubt",neutral,10
Pete Buttigieg’s Campaign Says It Raised $24.7 Million in the Fourth Quarter,neutral,12
Elizabeth Warren Isn’t Talking Much About ‘Medicare for All’ Anymore,neutral,10
Dizzying Day for Trump Caps a Year Full of Them,neutral,10
Firings at Trump Property Cap Year of Purging Undocumented Workers,negative,10
Trump Says U.S. and China Will Sign Trade Deal in January,neutral,11
"Bernie Sanders Is in ‘Good Health,’ His Doctors Say",positive,9
"A Biden-G.O.P. Ticket? He’s Open to It, but Doesn’t See Options",neutral,11
"Joe Biden Says He Would Comply With a Senate Subpoena, Reversing Course",neutral,12
Congress Wants to Force Trump’s Hand on Human Rights in China and Beyond,neutral,13
Why Bernie Sanders Is Tough to Beat,positive,7
The ‘But I Would Vote for Joe Biden’ Republicans,neutral,9
How Bernie Sanders Learned to Love Campaigning in California,positive,9
Klobuchar Is Banking on Iowa Moderates. Her Problem: So Is Buttigieg.,neutral,11
Trump Largely Ignores Impeachment as He Rallies Young Conservatives,neutral,9
Trump to Give State of the Union Address Feb. 4,neutral,10
Sarah Huckabee Sanders Apologizes for Mocking Biden’s Remarks on Stuttering,neutral,10
Who’s Best to Beat Trump? 7 Answers When 7 Democrats Debate,neutral,11
Buttigieg and Warren Clash Over ‘Wine Cave’ Fund-Raiser,negative,8
"After Impeachment, an Angry Trump Looks to Voters for Vindication",negative,10
How a Trump Trade Deal Won Over Democrats,positive,8
Debbie Dingell Gets Support From Another Widow Whose Husband Trump Has Mocked: Cindy McCain,negative,14
Elizabeth Warren to Meet With Native American Leaders in Oklahoma,positive,10
Trump Impeachment Trial in Doubt as Democrats Weigh Withholding Articles,positive,10
"Andrew Yang Is Onstage, but Offstage, Asian-Americans Wonder Where They Fit In",neutral,12
Timing of Trump Impeachment Trial in Limbo as Pelosi Holds Out for Assurances,neutral,13
"Where Impeachment Crosses Party Lines, but Fixates on Trump",neutral,9
Trump Administration Proposes Adding Minor Crimes to List of Offenses That Bar Asylum,negative,13
Pete Buttigieg Quit Playing Nice. Will He Pay for It at the Debate?,negative,13
Trump Impeachment Vote Schedule: What to Expect,neutral,7
Trump Diatribe Belittles Impeachment as ‘Attempted Coup’ on Eve of Votes,neutral,11
Sanders and Buttigieg in tight race for delegates,neutral,8
Sanders and Buttigieg in tight race for delegates,neutral,8
Trump budget proposal draws partisan ire,negative,6
Sanders narrowly defeats Buttigieg in New Hampshire,neutral,7
Why isn't Sen. Bernie Sanders taking a stand against Venezuelan regime?,negative,11
Biden turns attention to next contests after New Hampshire,neutral,9
Biden vows comeback after defeat in Iowa and New Hampshire,positive,10
Trump slams Roger Stone prosecution as a 'disgrace',neutral,8
Trump campaign manager reacts to New Hampshire primary results,neutral,9
"Ben Shapiro: Sanders wants us to believe in alternate realities, while Bloomberg wrongly accused of racism",negative,16
Don Jr.: The one thing Bloomberg can't buy is personality,negative,10
Trump slams Manchin as a 'puppet' - even after West Virginia Democrat signals he’s open to endorsing president,negative,18
Blow to Biden? Powerful Nevada union declines to endorse Democratic presidential candidate,negative,12
Dr. Bill Bennett reacts to Sanders momentum alarming House Democrats,positive,10
Trump becomes first president named Daytona 500 grand marshal,positive,9
"Trump slams Manchin as a 'puppet,' even after West Virginia Democrat signals he’s open to endorsing president",negative,17
Rep. Dan Crenshaw shuts down Bernie Sanders over his Green New Deal claim,negative,13
"Joe Manchin, who voted to oust Trump, says he may endorse his reelection",positive,13
"Biden faces NYC protesters chanting ‘Drop out, Joe!’",negative,8
'The Ingraham Angle' sends Dinesh D'Souza to a Bloomberg campaign event,neutral,11
Attorney General Barr wants President Trump to stop tweeting about the Justice Department,neutral,13
Mike Bloomberg says he's willing to spend whatever it takes to beat President Trump,neutral,14
Powerful Nevada union declines to endorse a candidate in Dem race in major snub to Biden,negative,16
Palestinian president dismisses Trump's Mideast peace plan at UN Security Council meeting,negative,12
Trump’s NASA Budget Will Earmark 12% Boost for Agency in 2021,positive,11
Trump Says War With Iran Was ‘Closer Than You Thought’,neutral,10
Trump’s Impeachment Is Virtually Over. What Did It Change?,neutral,9
How Putin Outfoxed Trump in Venezuela,positive,6
Veterans Differ With Trump Over Injuries From Iran Missile Attack,neutral,10
Trade-Court Lawsuits Take On Trump’s Tariff Campaign,neutral,7
House Democrats May Vote on Trump Impeachment Charges This Week,negative,10
Judges Quietly Disrupt Trump Immigration Policy in San Diego,negative,9
Barr Attacks Trump on Live TV Defends Deep-State DOJ (VIDEO),neutral,10
"""""""Not Terribly Encouraging"""": Mitt Romney Hints He Might Oppose Fed Nominee Judy Shelton In Latest Attack On Trump""",neutral,18
George Conway calls for Trump to be impeached…again,neutral,8
"Amy Klobuchar Vows to Resettle 500 Percent More Refugees, None in Her Neighborhood",negative,13
WATCH: Rep. Sheila Jackson Lee declares Trump’s budget cuts are “slavery” because minorities will be encouraged to work,neutral,18
Yang: ‘I Can’t Believe I Lost to These People’,negative,9
WATCH: Warren boasts about taking HALF of broke college student’s savings for campaign,negative,13
"RED SCARE: Bernie Sanders Wins New Hampshire, Takes Command of Democratic Party",positive,12
Audio: Mike Bloomberg Tells Aspen Elites ‘All the Crime’ Is in Minority Areas ‘Throw Them Against the Wall and Frisk Them’,neutral,21
Trump Flies Unannounced To Dover AFB After N.H. Rally To Pay Respects To Two Soldiers Killed In Afghanistan,positive,18
"""WATCH: Harrison Ford Calls Trump a """"Son of a Bitch""""""",negative,10
Utah GOP resolution would demand Mitt Romney support Trump or vacate his seat,neutral,13
Report: Michael Bloomberg Paying Social Media Influencers to Make Him ‘Seem Cool’,negative,12
DOJ Has ‘Established An Intake Process’ To Review Biden-Ukraine Info From Giuliani,neutral,12
Sanders Calls Medicare for All ‘The Least Disruptive Approach’ (VIDEO),neutral,10
Trump’s Manufacturing Jobs Record Is Even Stronger Than We Thought,positive,10
WATCH: Dem senator still in denial about Trump’s acquittal slapped back to reality by ... CNN’s Wolf Blitzer,neutral,18
WATCH: Warren Suggests Blacks Only Matter To Democrats During Elections,negative,10
Republicans raise $117 million throughout Trump’s impeachment,neutral,7
Pete Buttigieg Argues for End of Electoral College After Iowa ‘Victory’ Without Popular Vote,neutral,14
Sanders Dodges on Unfulfilled Promise to Release Medical Records (VIDEO),negative,10
WATCH: Susan Collins Calls Enraged Voicemails She Received ‘a Sad Commentary’ After Voting to Acquit Trump,negative,16
"'It was all bulls**t': Trump hits Romney, Democrats, and Russia probe in post-acquittal victory speech (VIDEO)",positive,16
"Man Deliberately Rams Vehicle Into GOP Tent Full Of Volunteers, Trump Responds",negative,12
"WATCH: Bernie, Buttigieg, Biden Lash Out At Trump For Killing Top Terrorist Soleimani",negative,13
"WATCH: Sanders Declares Victory in Iowa, Claims Media Are Distorting Results",neutral,11
White House Confirms Trump Has Killed Two More Top Terrorists,neutral,10
Senator Warns Biden Could Be ‘Immediately’ Impeached If Elected Because Dems Have Opened Pandora’s Box,neutral,15
IOWA RESULTS: Buttigieg (Kind of) Won. So Did Bernie. Warren Persisted. Biden Definitely Lost.,positive,14
IOWA RESULTS: Buttigieg (Kind of) Won. So Did Bernie. Warren Persisted. Biden Definitely Lost.,negative,14
Biden admits IA ‘gut punch’ - as he plays to ‘two rows’ of supporters in NH (VIDEO),neutral,17
Ex-Spokesman For Romney Campaign Says Trump Guilty Vote Was ‘Motivated By Bitterness And Jealousy’,negative,14
WATCH: Biden blames Trump surrogates for botched Iowa caucus count,neutral,10
WATCH: Biden blames Trump surrogates for botched Iowa caucus count,negative,10
Biden Threatens Lawsuit To Halt Release Of Real Iowa Caucus Results,neutral,11
WATCH: Trump Won’t Shake Nancy Pelosi’s Hand at State of the Union,neutral,12
Al Sharpton Slams Trump for ‘Mocking’ the National Anthem With ‘Fake Conducting’,negative,12
Trump honors one of the last surviving Tuskegee Airmen during State of the Union address,positive,15
"Bloomberg ‘Fuming’ Over Trump’s Attacks On His Height, Already Has Revenge Plan, Report Says",negative,14
Donald Trump: ‘Little’ Michael Bloomberg Wants a Box to Stand on at Next Debate,negative,14
Never Trump Republican Bill Kristol comes out of the 'political closet' and declares he's a Democrat for now,neutral,18
Bloomberg Enjoys Armed Guards While Fighting to Disarm Americans,negative,9
Jill Biden: Donald Trump’s Attacks on My Kid Are ‘Disgraceful’,negative,10
Steve Hilton: Why is Trump hounded while Biden's alleged corruption gets a pass? The 'Swamp' knows,neutral,16
Adam Schiff Warns Donald Trump Could Give Alaska to the Russians If Not Impeached,negative,14
"New poll finds Trump at record highs and more liked than Biden, Pelosi, and Schiff",negative,15
"New poll finds Trump at record highs and more liked than Biden, Pelosi, and Schiff",positive,15
Nasty Biden Fumes at NBC News Reporter for Asking About Hunter Biden: ‘You Do Not Know What You’re Talking About’ (VIDEO),negative,21
Trump Lawyer to Schiff’s Team: You’re Conducting ‘Massive Election Interference’ And Americans Will Make You Pay (VIDEO),neutral,17
"Major Iowa newspaper endorses Warren, says she will 'treat truth as something that matters'",positive,14
Mike Bloomberg Offers ’60 Million’ Latinos: $15 Per Hour Plus Mass Migration,positive,12
Top Democrats fume after Trump expands travel ban to six new countries,neutral,12
RNC Chair: Polling Suggests Trump Is in ‘Good Shape’ to Win Re-Election (VIDEO),positive,13
"CPAC takes action against Mitt Romney after voting for new witnesses, evidence in Trump trial",neutral,15
WATCH: Rand Paul Says President Trump Would Be ‘Going Against The Law If He Didn’t Investigate The Bidens’,negative,18
WATCH: Rand Paul Says President Trump Would Be ‘Going Against The Law If He Didn’t Investigate The Bidens’,negative,18
Senator Hirono: Trump ‘Believes He Is King Now’ - ‘I Think Our Country Is in Great Danger’,negative,17
Dem leaders signal they won’t accept Trump acquittal as legitimate,negative,10
Trump Takes Out Another Top Terrorist In The Middle East,positive,10
Warren: My Secretary Of Education Will Have To Be Vetted By A Trans Child,neutral,14
Dave Chappelle: 'I don’t look at Trump supporters as my enemy' (VIDEO),neutral,12
"Pelosi argues Trump 'cannot be acquitted,' suggests defense team should be disbarred",neutral,12
"Bernie Sanders Plans To Sign ‘Dozens’ Of Executive Orders To End Immigration Enforcement, Close Prisons, End Exportation Of Crude Oil",neutral,20
"Swing-vote GOP Sen. Alexander comes out against witnesses, paving way for imminent Trump acquittal",neutral,14
Michael Bloomberg Pays $10 Million for Super Bowl Gun Control Ad,neutral,11
Alec Baldwin: Trump’s Impeachment Centers on a Hate Crime. He Hates the Constitution’,negative,13
Gabbard’s Lawyer Says Clinton Is Too ‘Intimated’ to Be Served Defamation Lawsuit: Report,neutral,13
WATCH: Jill Biden plays to tens next to pool table in Des Moines gay bar,neutral,15
Dem Senator: Hunter Biden Is a Relevant Witness (VIDEO),positive,9
"Bloomberg: Transgender Rights Should Include Federally Funded Sex Surgery, Housing Based on Gender Identity",neutral,14
Warren Can’t Name Any GOP Senate Colleagues With Character (VIDEO),negative,10
"Trump Signs ‘Cutting-Edge’ USMCA, Says the Future Will Be ‘Raised, Grown, Built and Made’ in the US",positive,17
Ex-Trump aide Carter Page files suit against DNC over dossier: ‘This is only the first salvo’,neutral,16
"Joe Biden Suggests Making Michelle Obama Running Mate, Appointing Barack to Supreme Court",neutral,13
"'GAME OVER,' Trump declares, as old Bolton, Schiff videos surface amid Senate impeachment trial",neutral,14
Poll Gives Trump Best Economic Rating in Almost Twenty Years,neutral,10
Trump Admin Says Israel Has Accepted Plan for Palestinian State,neutral,10
Biden to Iowa Voter: ‘Go Vote for Someone Else’ (VIDEO),negative,10
"Trump lawyer calls Bolton book 'inadmissible,' as defense team wraps impeachment arguments",negative,12
Ossoff: We Need to Beat Trump Backers So Badly They Can’t Show Their Faces in Public (VIDEO),negative,17
Trump on Virginia: Gun Confiscation Not Happening on My Watch,neutral,10
Warren Endorses Prosecutor Who Dropped Charges Against Jussie Smollett For Fabricating Hate Crime,negative,13
Joe Biden’s Sister Valerie Sent Millions of Joe’s Campaign Dollars to Her Own Consulting Firm,negative,15
Massive crowds form for Trump's New Jersey rally amid impeachment fight,positive,11
Biden Blasts Trump as the ‘Worst Possible Person’ to Handle Coronavirus Outbreak,negative,12
MSNBC Anchor: Everyone’s Drawing Huge Crowds in Iowa Except Biden (VIDEO),negative,11
Elizabeth Warren’s Daughter Amelia Piggybacked off Mom to Cash In on Corporate Contracts,negative,13
CA mayor unilaterally ends Pledge of Allegiance over ‘disdain for Trump’,positive,11
BIDEN: Trump impeachment trial ‘because he’s afraid to run against me’ (VIDEO),negative,12
"Pam Bondi Lays Out Case Against Joe Biden, Hunter Biden, Burisma",negative,11
WATCH: Harvard Law Professor Dismantles Democrats’ Hopes Of Using Bolton Book To Convict Trump,neutral,14
CBS Anchor to Warren: Are You Saying ‘Tough Luck’ to People Who Saved for College? (VIDEO),negative,16
WATCH: Jon Voight Calls on America to Pray for President Trump amid Impeachment Battle,positive,14
Pete Buttigieg Tells Woman Her Pro-Life Views Not Welcomed In Democrat Party (VIDEO),neutral,13
"Senator Hawley Drafts Motions To Subpoena Bidens, Schiff, Whistleblower",neutral,9
Bombshell report: Schiff may have hid 'potentially exculpatory' evidence from Trump's lawyers,neutral,12
"Trump legal team goes on offense in impeachment trial, accuse Democrats of 'massive' election interference",neutral,15
Tom Cotton Defends Trump’s Decision to Fire Ukrainian Ambassador: ‘Badmouthing’ Is a Good Reason to Fire Her (VIDEO),positive,18
WATCH: Trump Legal Team Lays Out 6-Point Case Crushing Democrats’ Impeachment Claims,positive,12
Steve Mnuchin Says He Will Listen to Greta Thunberg After She Gets an Economics Degree in College,negative,17
"Ted Cruz: Democrats Made ‘Very Serious Strategic Error,’ Hunter Biden Testimony Now Needed (VIDEO)",neutral,14
DOJ Determines 2 FISA Spy Warrants on Trump Campaign Adviser Were “Not Valid”,negative,13
"Trump-Barr divide worsens as the president bucks a request to stop tweeting, and the Justice Dept. declines to charge ex-FBI official McCabe",neutral,22
It’s hard to wrap your mind around how much money Bloomberg could spend on his campaign,negative,16
"The Daily 202: Donald Trump, the Houston Astros and the fear of the asterisk",negative,14
Power Up: Everybody is now a pundit in the Democratic primary race to beat President Trump,neutral,16
Trump brings in loyalists and attacks enemies as post-impeachment drama escalates,neutral,11
Trump allies targe Buttigieg's sexuality,neutral,5
Trump allies targe Buttigieg's sexuality,neutral,5
"Trump to headline a $580,600-per-couple fundraiser, the most expensive of his reelection bid",neutral,13
Trump renews his national emergency despite losing the primary rationale for it,negative,12
"Hope Hicks, former top aide to Trump, to return to the White House as reelection campaign heats up",neutral,18
"On social media, Bloomberg and Trump are fighting two very different fights",neutral,12
Septuagenarians Trump and Bloomberg exchange middle-school-like taunts,negative,7
"John Kelly, essentially: Trump is doing everything wrong",negative,8
The Finance 202: Judy Shelton tests Trump's bid to remake the Federal Reserve,negative,13
"What changed for Sanders in New Hampshire since 2016? The electorate, for one.",neutral,13
The Daily 202: Ten reasons Bernie Sanders should celebrate winning New Hampshire – or feel cause for concern,neutral,18
Deval Patrick suspends presidential bid,neutral,5
House Democrats ask Secret Service for details about its payments to Trump’s company,negative,13
Trump implicates Barr directly in Roger Stone intervention,neutral,8
The Technology 202: Bernie Sanders is no friend of Big Tech. And he keeps winning.,positive,15
Bernie Sanders wins New Hampshire Democratic primary,positive,7
Power Up: Bernie Sanders's 'revolution' may not materialize after narrow New Hampshire primary win,negative,14
Biden looks to South Carolina to revive faltering campaign,neutral,9
Michael Bennet drops out of presidential race,negative,7
Trump escalates campaign of retribution as Republican senators shrug,negative,9
"Pete Buttigieg Democratic candidate: Biography, issues, fundraising",neutral,7
"Bernie Sanders Democratic candidate: Biography, issues, fundraising",neutral,7
Trump’s approach to crime and punishment is centered on his own power,negative,12
"After a ‘gut punch’ in Iowa, a surreal feeling surrounds Biden’s campaign",negative,12
"AFGE, the largest federal employee union punches back at Trump",negative,10
Trump’s no-injuries claim about Iran keeps looking worse,negative,8
"Sanders, Buttigieg seek second straight good showing in New Hampshire.",neutral,10
"Sanders, Buttigieg seek second straight good showing in New Hampshire.",neutral,10
"Trump barges in on Democratic primary races, seeking to steal the spotlight",negative,12
Billionaires Bloomberg and Steyer may be accelerating a Biden collapse,neutral,10
Klobuchar tries to turn a debate moment into momentum in New Hampshire,neutral,12
"Iowa Democratic Party projects Pete Buttigieg the winner of the delegate race, with Bernie Sanders preparing a challenge",neutral,18
"Iowa Democratic Party projects Pete Buttigieg the winner of the delegate race, with Bernie Sanders preparing a challenge",neutral,18
"Biden, Warren battle for third place in New Hampshire",neutral,9
Biden jokingly calls voter who asked about Iowa a ‘lying dog-faced pony soldier’,negative,13
Sanders and Buttigieg fight for different New Hampshire voters.,negative,9
"Trump eliminates funding for program honoring Ambassador Stevens, who was killed in Benghazi",negative,13
Michael Bloomberg: 55 hours in the life of a 2020 presidential candidate,neutral,12
"Iowa Democratic Party projects Pete Buttigieg the winner of the delegate race, with Bernie Sanders preparing a challenge",positive,18
"Iowa Democratic Party projects Pete Buttigieg the winner of the delegate race, with Bernie Sanders preparing a challenge",neutral,18
"Buttigieg responds to Biden’s Obama jab: ‘I’m not, and neither is he’",neutral,12
Bernie Sanders and Joe Biden continue to spar about the Iraq war ? nearly 18 years later,neutral,17
"Buttigieg, Biden, Klobuchar, fight as New Hampshire primary nears",neutral,9
Trump’s new budget proposal will show how far he has moved away from 2016 campaign promises,negative,16
"Ed McGinty stages a viral, one-man anti-Trump protest in the GOP-heavy Florida town The Villages",negative,15
"Trump ousts Vindman and Sondland, punishing key impeachment witnesses in post-acquittal campaign of retribution",negative,14
"With Vindman firing, Trump gets especially vindictive",negative,7
Sanders steps up attacks on Bloomberg ahead of Nevada caucuses,neutral,10
Sanders steps up attacks on Bloomberg ahead of Nevada caucuses,neutral,10
Biden shakes up campaign staff,negative,5
The Daily 202: Pete Buttigieg is emerging as a unity candidate in New Hampshire – with a bounce from Iowa,positive,20
Sanders goes after Buttigieg for billionaire backers as the two vie for early-state dominance,neutral,14
Sanders goes after Buttigieg for billionaire backers as the two vie for early-state dominance,positive,14
Secret Service spending at Trump hotels: Rooms for agents cost up to $650 per night,neutral,15
Joe Walsh ends long-shot bid to challenge Trump for Republican nomination,neutral,11
Power Up: Pete Buttigieg could deliver another surprise in the New Hampshire primary,positive,13
How Michael Bloomberg could win,positive,5
Trump lambastes his critics as he moves to target perceived enemies like Vindman over impeachment,negative,15
How Pete Buttigieg and Bernie Sanders finished on top Iowa,neutral,10
"His campaign on the line, Joe Biden goes missing in New Hampshire",neutral,12
Trump lashes out at Democrats in cheering his acquittal as Pelosi declares him ‘impeached forever’,negative,15
"Yeah, Trump didn’t learn any new lessons from impeachment as his comments Thursday made clear",negative,15
Trump’s attack on Romney’s 2012 performance isn’t the lay-up he thinks it is,negative,13
Trump is out for revenge -- after the GOP swore he didn’t threaten them,negative,14
Pete Buttigieg builds an electability case in Iowa,neutral,8
The Health 202: How Pete Buttigieg's health-care strategy helped him gain traction in the Iowa caucus,positive,16
"Bernie Sanders raised $25 million in January, a hefty sum",positive,10
Trump remains in office after Senate votes to acquit impeached president on obstruction of Congress charge,negative,16
How the Senate voted on the Trump impeachment charges - Washington Post,negative,12
Mitt Romney dismantles the GOP’s strained defenses of Trump,neutral,9
White House national security adviser says Trump didn’t seek Ukraine’s help with investigations despite evidence to the contrary,neutral,18
"In West Palm Beach, President Trump’s name has disappeared from the skyline",negative,12
The Technology 202: Trump's made-for-meme State of the Union shows strategy to win the Internet in 2020,neutral,17
The Energy 202: Trump pumped up claims about oil and gas during State of the Union,negative,16
"Trump invokes ‘manifest destiny’ in State of the Union address, resurfacing a defunct concept",negative,14
"The Finance 202: Trump claimed in the State of the Union address he rebooted a failing economy. The facts don't support him, but voters might.",neutral,25
"During State of the Union, Trump makes his most direct appeal to black voters yet",neutral,15
"Nancy Pelosi at State of the Union: Speaker rips up Trump's speech, reflecting tumultuous year",negative,15
Trump’s prepared speech included a guarantee to protect preexisting conditions. He didn’t say it.,negative,14
These Republicans said they hope Trump has learned a lesson from impeachment. He said he hasn’t.,neutral,16
Trump paints strong economy as vindication as he tries to move past impeachment,neutral,13
"With chants, walkouts and a ripped-up speech, bitter partisanship dominates Trump’s State of the Union",neutral,15
First set of Iowa Democratic caucus results shows Sanders and Buttigieg leading,neutral,12
"President Trump’s 2020 State of the Union address, annotated",neutral,9
"Buttigieg and Sanders take lead, Biden fades in partial results from marred Iowa caucuses",positive,14
The 75 times Trump insisted he’d done ‘nothing wrong’ in his interactions with Ukraine,neutral,14
Susan Collins says Trump will be ‘much more cautious’ after impeachment. The evidence suggests otherwise.,negative,15
It was a confusing night for Democrats on Monday. President Trump is smiling.,positive,13
Mike Bloomberg to double spending on television advertising after Iowa debacle,neutral,11
President Donald Trump seen at Super Bowl party conducting imaginary orchestra during anthem,neutral,13
"The Daily 202: A bad night for Biden in Iowa is good news for Buttigieg, Klobuchar and Bloomberg",negative,18
"The Daily 202: A bad night for Biden in Iowa is good news for Buttigieg, Klobuchar and Bloomberg",positive,18
"The Daily 202: A bad night for Biden in Iowa is good news for Buttigieg, Klobuchar and Bloomberg",neutral,18
The team that rigged the GOP primaries accuses Democrats of rigging Iowa against Sanders ,neutral,15
The Health 202: Bernie Sanders and Pete Buttigieg are the favorites among Iowa voters for whom health care is top issue,positive,21
Trump allies use Twitter to sow confusion about voting on the eve of the Iowa caucuses,neutral,16
What Trump will say in the State of the Union address ,neutral,12
Manchin calls for censuring Trump over pressuring Ukraine to investigate a domestic political rival,negative,14
"Jill Biden says Lindsey Graham, once close with Joe, no longer a friend",neutral,13
How Trump’s impeachment defense wantonly misled the U.S. Senate,negative,9
Trump's Kansas City tweet flub is part of a pattern,negative,10
Power Up: Bernie Sanders may have the edge in tonight's Iowa's caucuses. But it's complicated.,neutral,15
Democratic donor race: Bernie Sanders won in 2019 - Washington Post,positive,11
The Trailer: 'Beat Trump': The Democrats' closing arguments in Iowa,negative,10
Pete Buttigieg’s mom opens up about her son,neutral,8
Sanders’s caucus target: Latino voters usually overlooked in mostly white Iowa,negative,11
Justice Department acknowledges 24 emails reveal Trump’s thinking on Ukraine,neutral,10
Senate to vote Wednesday on whether to remove or acquit Trump on impeachment charges,neutral,14
Senate set to acquit Trump next week after bid for witnesses in impeachment trial is defeated,positive,16
Republicans agree it was no ?perfect call? ? but will vote to acquit Trump anyway,negative,15
Amy Klobuchar’s political rise: The Democratic presidential candidate was kicked out of hospital after giving birth,neutral,16
Trump administration announces mandatory quarantines in response to coronavirus,neutral,9
"Surrogates carry the bulk of the Iowa campaign for D.C.-bound senators Klobuchar, Warren and Sanders",neutral,15
"Surrogates carry the bulk of the Iowa campaign for D.C.-bound senators Klobuchar, Warren and Sanders",neutral,15
Senator Amy Klobuchar campaigns in Iowa while balancing Senate impeachment trial,neutral,11
A new Bolton revelation ties Trump to Giuliani’s early efforts in Ukraine — and implicates Trump allies like Mulvaney,neutral,18
"Trump’s impeachment defense, distilled: he’s innocent and his opponents are guilty",positive,11
Sen. Alexander calls Trump’s actions ‘inappropriate’ but rejects witnesses in impeachment trial,neutral,12
Takeaways from day 2 of questions in Trump’s impeachment trial,neutral,10
Trump and Republicans join forces to attack Biden ahead of the Iowa caucuses,neutral,13
"Andrew Yang Democratic candidate: Biography, issues, fundraising",neutral,7
"In mostly white Iowa, Pete Buttigieg confronts worry about his lack of support among African Americans",neutral,16
Where the goal posts are: Trump’s legal team argues he didn’t ask for an investigation into Biden,negative,17
What Michael Bloomberg’s $11 million Super Bowl ad would cost you on your budget - Washington Post,neutral,17
D.C. Mayor Muriel Bowser endorses Mike Bloomberg for president,positive,9
Voters call on Buttigieg to embrace a diverse view of the ‘American Heartland’,neutral,13
"Bernie Sanders, with Iowa caucuses nearing, considers set of executive actions",neutral,11
"Bloomberg’s Super Bowl ad focuses on the ‘national crisis’ of gun violence, not Trump",neutral,14
Dershowitz says that if Trump believes his reelection is in the public interest his actions aren’t impeachable,neutral,17
Wavering Democrats face pressure as GOP eyes bipartisan vote for Trump acquittal,neutral,12
"Days before Iowa, the Warren campaign brings out a key surrogate: Her dog",neutral,13
What’s next in Trump impeachment,neutral,5
"Biden, Sanders allies try to cut caucus deal with Yang's campaign",neutral,11
"Biden, Sanders allies try to cut caucus deal with Yang's campaign",neutral,11
The Daily 202: Senate Republicans move the goal posts again after Bolton’s book and Dershowitz’s defense of Trump,neutral,18
"If witnesses are called in Trump's impeachment trial, what could happen?",neutral,11
John Bolton joins a select group: Those once praised and now derided by President Trump,negative,15
Trump’s effort to block Bolton’s testimony makes little sense — unless he’s guilty,negative,12
Power Up: The Senate impeachment trial of President Trump is at its most crucial phase,neutral,15
McConnell tells senators he doesn’t yet have votes to block witnesses in Trump impeachment trial,negative,15
Trump announces long-awaited Israeli-Palestinian peace package amid doubts it will lead to progress,positive,13
The Trailer: Warren and Klobuchar get more frank about electability,positive,10
The gaping hole in Trump’s impeachment defense,negative,7
"Senate Republicans seize on Dershowitz argument, say Trump’s actions aren’t impeachable",positive,11
Trump makes clear that he’d happily have Republicans ignore even Trump-friendly Fox News,negative,13
"The Trump actions that raised even William Barr’s eyebrows, according to John Bolton",positive,13
CNN Don Lemon segment mocking Trump supporters gets criticism,neutral,9
The Health 202: Trump can enforce his 'public charge' immigration crackdown -- for now,negative,14
Gun-control group co-founded by Bloomberg announces $60 million spending plan for 2020 elections,negative,13
Did Trump undercut his ability to exert executive privilege over John Bolton with a tweet?,neutral,15
Why the Bidens are part of Trump's impeachment,negative,8
Why the Bidens are part of Trump's impeachment,negative,8
"Mike Bloomberg Democratic candidate: Biography, issues, fundraising",neutral,7
Warren's urgent bet to win Iowa,neutral,6
"Trump’s legal team outlined its case. One day later, John Bolton appears to have kneecapped it.",neutral,16
"Mike Bloomberg pitches himself to Jewish Americans, in a presidential race with two very different Jewish candidates",neutral,17
"Trump should apologize for minimizing troops’ injuries, VFW says",negative,9
Trump’s lawyers begin their defense in impeachment trial as Republicans rally around the president,neutral,14
Video shows Trump telling associates to ‘get rid of’ Ukraine ambassador Maria Yovanovitch,negative,13
"For Amy Klobuchar, the impeachment trial means bombarding Iowa voters from distant D.C.",negative,13
Trump impeachment trial live updates,neutral,5
White House eyes Joe Manchin in impeachment trial as Trump wants a Senate Democrat to vote for acquittal.,neutral,18
Assessing the Trump team’s 6-point impeachment defense,neutral,7
"What case will Trump’s team present, one focused on the evidence or one focused on his base?",neutral,17
Trump’s defense team to target Bidens in counterpunch to impeachment charges,neutral,11
Trump’s defense team to target Bidens in counterpunch to impeachment charges,neutral,11
Bernie Sanders criticized for embracing support from Joe Rogan,negative,9
Democrats focus on Trump’s character as they argue for removing him from office in impeachment trial,neutral,16
Joe Biden unspools an endless supply of ‘Bidenisms’ on the campaign trail,neutral,12
"Warren’s team will go extra mile to help her win, including painting giant farm signs",positive,15
Trump’s March for Life appearance: A reminder to conservative Christians as he prepares for a tight race,neutral,17
Schiff puts a fine point on the argument for removal: Trump will always put Trump first,negative,16
When Senate Republicans were quite concerned about Trump and Ukraine,neutral,10
Fox News has circled the wagons and Trump is welcoming everyone inside,positive,12
The Finance 202: Wall Street shrugs off Bernie Sanders's chances to win 2020 Democratic primary. And to beat President Trump.,negative,20
The Health 202: March for Life activists credit Trump with wholeheartedly embracing their antiabortion agenda,positive,15
Sen. Mike Braun wants Trump and the GOP to take climate change seriously,neutral,13
House managers focus on alleged abuse of power on second day of opening arguments against Trump,neutral,16
Assessing a key impeachment argument: Trump’s desired investigations were only for his own benefit,negative,14
The ‘prophetic’ Alexander Hamilton quote Democrats say predicted the need to impeach Trump,negative,13
Bloomberg gets under Trump?s skin as he ramps up spending on 2020 ads,neutral,13
"Sanders wants supporters to pipe down, but they don't always listen",neutral,11
The Energy 202: Trump made nearly 500 false or misleading claims about the environment while in office,negative,17
Trump’s second-heaviest Twitter day mirrored the heaviest: Lots of feedback about things on TV,negative,14
Democrats scale back language as Trump and GOP press ahead with attacks on Senate impeachment trial,neutral,16
Gordon Sondland plugs away in Brussels while playing a central role in Trump’s impeachment trial,negative,15
"As House Democrats lay out their case for impeachment, Trump’s campaign and White House offer a different narrative",neutral,18
How Trump’s Senate trial lawyers could complicate the case his DOJ lawyers are making in court,neutral,16
"Andrew Yang, shut out of tonight’s debate, hosts a pre-debate rally with MATH pins and birthday cake",positive,17
The Energy 202: Trump administration delays Arctic refuge oil leasing to strengthen legal case,neutral,14
The Cybersecurity 202: Sanders and Warren still mum on campaign protections against hackers,negative,13
Power Up: Elizabeth Warren and Bernie Sanders's private conversation sparks debate on sexism in politics,negative,15
Why Elizabeth Warren and Bernie Sanders are fighting,neutral,8
Preparations accelerate this week for historic Senate trial of Trump,positive,10
Warren and Sanders fued over gender,neutral,6
Top Senate Republicans reject Trump’s renewed call for immediate dismissal of impeachment charges,negative,13
Buttigieg woos moderates — and Republicans — in his push to close the deal in Iowa,neutral,16
"Trump turns his fire on Sanders amid polling, fundraising surge",neutral,10
Mike Bloomberg's two campaigns: Running for the Democratic nomination and the general election,neutral,13
Bernie Sanders's campaign attacks Elizabeth Warren and Joe Biden as Iowa caucuses near.,negative,13
"Esper contradicts Trump, Pompeo on Soleimani attacking embassies",negative,8
The Health 202: Medicare-for-all goes MIA on the 2020 trail. Only Bernie Sanders remains a purist.,positive,16
The Trailer: Mike Bloomberg's transactional campaign pitch,neutral,7
"At Las Vegas events, Joe Biden and Pete Buttigieg woo Hispanic voters",neutral,12
Tom Steyer is surging in South Carolina and Nevada. Does it matter?,neutral,12
"Buttigieg’s black-voter problem, by the numbers",negative,6
Trump angered by House ally’s push to limit his authority on Iran,negative,12
Questions pile up about Trump’s claim that Soleimani was going to ‘blow up’ a U.S. embassy,neutral,16
Trump has a rare public moment of self-awareness,negative,8
Rudy Giuliani’s amazingly bad column asking the Supreme Court to strike down Trump’s impeachment,neutral,14
What the War Powers resolutions and Iran tell us about Trump supporters and presidential power,neutral,15
This is perhaps Trump’s most cynical comment about the environment yet,negative,11
Sanders offers measure to limit Trump's action on Iran,neutral,9
The Daily 202: The ghosts of 1979 still haunt U.S. policy toward Iran and shadow Trump’s response to missile strikes,negative,20
The Cybersecurity 202: Threat of Iran cyberattack remains high even as Trump backs away from potential war,neutral,17
Puerto Rico earthquakes pit Trump administration in another fight with Democrats over disaster funding,negative,14
Trump uses sanctions as a favorite form of retribution — against friend and foe alike,negative,15
Buttigieg wins first endorsement from black member of Congress,positive,9
United States and Iran back away from imminent conflict as Trump says he is ready for peace ‘with all who seek it’,positive,22
"Trump seeks to celebrate a victory, even in the wake of a foreign attack",negative,14
Iran gives Trump an off-ramp — for now,neutral,8
"The Daily 202: Mike Bloomberg wants more engagement with Iran, North Korea and China",neutral,14
Power Up: Trump has a big choice to make on Iran,neutral,11
McConnell says he’s ready to begin Trump impeachment trial with no deal on witnesses,negative,14
"New York’s highest court can hear sexual misconduct lawsuit against Trump, judges rule",negative,13
The Trailer: Who's voting for Tom Steyer?,neutral,7
"Michael Flynn deserves up to six months in prison, U.S. Justice Department says in reversal for former Trump national security adviser",neutral,21
The Soleimani aftermath pivots to a key Trump talking point: Democrats are traitors,neutral,13
The Technology 202: Women in tech wanted more female CES keynotes. But Ivanka Trump is drawing controversy.,negative,17
Anatomy of a Trump rally: 67 percent of claims are false or lacking evidence,negative,14
Biden touts foreign policy credentials but faces questions,negative,8
Trump’s go-it-alone strategy leaves him isolated on Iran,negative,8
Trump’s insistence on proving his toughness is in open conflict with America’s actual strength,negative,14
Julián Castro endorses Elizabeth Warren for president,positive,7
Trump threatens to strike Iranian cultural sites and impose ‘very big’ sanctions on Iraq as tensions rise,neutral,17
"The Trailer: How history, and Trump, affect Iowa Democrats' war fears",neutral,11
Trump plunges toward the kind of Middle Eastern conflict he pledged to avoid,negative,13
Trump’s order to strike Iranian commander sparks fresh debate in Congress over war powers,neutral,14
"Elizabeth Warren raised $21.2 million, Amy Klobuchar $11.4 million in fourth quarter of 2019, campaigns say",neutral,16
"Elizabeth Warren raised $21.2 million, Amy Klobuchar $11.4 million in fourth quarter of 2019, campaigns say",positive,16
Washington developer Brian Friedman says he is interested in buying President Trump’s D.C. hotel lease,neutral,15
Americans roughly divided on whether voters should decide Trump’s fate rather than the Senate,negative,14
Campaign fundraising hauls solidify Democratic leaders as Trump continues to amass financial firepower,positive,13
Ascendant Bernie Sanders turns his focus to Joe Biden as Iowa nears,neutral,12
Ascendant Bernie Sanders turns his focus to Joe Biden as Iowa nears,positive,12
Trump impeachment live updates,neutral,4
"Nearly a third of the days he’s been president, Trump has visited a Trump-branded property",neutral,15
Sanders releases doctors' letters saying he's fit for presidency,positive,9
Giuliani’s Ukraine efforts are just a formalization of the rumor-to-Trump pipeline,negative,11
Trump’s lawyer and the Venezuelan president: How Giuliani got involved in back-channel talks with Maduro,neutral,15
Some Democrats urge Trump to more strongly condemn anti-Semitism in wake of Monsey attack,neutral,14
Biden says he would testify in Senate impeachment trial if subpoenaed,neutral,11
Trump campaign launches snowflakevictory.com to offer advice on winning holiday political arguments,neutral,12
"Trump lashes out at Pelosi, Democrats after exchanging holiday greetings with troops",negative,12
Warren's Oklahoma homecoming: It's complicated,neutral,5
What we know and don’t know about Trump’s intentions on Ukraine aid,neutral,12
What President Trump was talking about in his baffling rant about wind energy,negative,13
Key Democratic senator remains undecided on whether Trump should be removed from office,neutral,13
White House official directed hold on Ukraine aid shortly after Trump’s July 25 call with Zelensky,neutral,16
Trump touts Putin’s speaking out against his impeachment,neutral,8
How Trump’s conversations with Putin overlapped with his emerging Ukraine conspiracy theories,neutral,12
"Yes, Donald Trump has been impeached",negative,6
Democrats fail to call out Warren on a central falsehood: Those aren’t selfies she’s taking,negative,15
"Bloomberg, missing from Democratic debate stage, uses pricey ads to try to grab the spotlight",negative,15
Power Up: Andrew Yang is still standing. That's how unpredictable the 2020 race has been.,positive,15
"Democrats spar over how to combat Trump, a roaring economy and impeachment",neutral,12
"‘Billionaires in wine caves should not pick the next president’: Warren vs. Buttigieg on purity tests, explained",neutral,17
Trump now bears the indelible mark of impeachment,negative,8
"Trump welcomes Rep. Van Drew, an impeachment foe switching parties to join GOP",neutral,13
"To avoid removal, Trump needs senators representing only 7 percent of the country to support him",negative,16
"Trump sends Dingell to hell, demands refunds from Schumer, Maloney",neutral,10
Power Up: Pelosi calls impeachment a ‘very sad day.’ Trump says he's ‘having a good time.’,positive,16
"Meadows, close ally of Trump, to retire from Congress",neutral,9
Brian Fitzpatrick won't back impeachment but refuses to defend Trump on Ukraine,neutral,12
"As goes his presidency, so goes his impeachment: Trump disrupts and divides",negative,12
Assessing the ‘four facts’ that a prominent Republican insists prove Trump’s innocence,positive,12
"President Trump’s jab at Pelosi’s prayers, and what it says about how he sees his opponents",neutral,16
"Paul Manafort’s fraud case in New York was dismissed, blocking local prosecutors’ effort to undercut a potential Trump pardon",neutral,19
The Health 202: Trump looks to Canada in bid to lower high drug prices,negative,14
"Pete Buttigieg’s struggles and stumbles with black voters, explained",negative,9
"House Democrats have enough votes to impeach Trump, according to a Post analysis",negative,13
Trump rips Democrats on eve of likely impeachment,positive,8
Federal agencies will be closed Dec. 24 as Trump issues executive order ,neutral,13
House passes $1.4 trillion spending bill with Trump support that would gut parts of Affordable Care Act,neutral,17
"Foiled in 2016, ‘Never Trump’ Republicans launch new super PAC in effort to oust Trump in 2020",negative,17
"Trump makes his closing argument on impeachment, cobbling together his greatest Twitter hits",neutral,13
"Trump's letter to Nancy Pelosi, annotated",neutral,6
Partisanship is helping Trump in the impeachment fight more than it’s hurting him,positive,13
Trump raises possibility of skipping debates hosted by traditional group,neutral,10
"President Trump has made 15,413 false or misleading claims over 1,055 days",negative,12
The Trailer: Andrew Yang's increasingly normal campaign,neutral,7
"Trump, allies target vulnerable Democrats ahead of House impeachment vote",negative,10
"Amid adversity and missteps, Biden’s resilience has been one theme of 2019",positive,12
Sanders retracts controversial endorsement after backlash,negative,6
Trump says Democrats have become ‘Party of Hate’ after House panel votes to oust him,neutral,15
"Warren, Sanders, Biden, Yang, Klobuchar, Steyer, Buttigieg may skip next debate over Loyola Marymount labor dispute ",negative,17
"Warren, Sanders, Biden, Yang, Klobuchar, Steyer, Buttigieg may skip next debate over Loyola Marymount labor dispute ",neutral,17
McConnell to Hannity on impeachment: Trump lawyers will give me cues,negative,11
What happens to the Trump D.C. hotel? Five questions and answers on Trump's emoluments battle,neutral,15
‘I really like you’: Iowa voters give Amy Klobuchar another look,positive,11
"Warren refocuses message, takes shots at rivals",neutral,7
Trump’s strongest supporters agree with a key argument of his: The media can’t be trusted,positive,15
"77-year-old Mike Bloomberg in “outstanding health,” says personal doctor",positive,9
"These Iowa voters loved Joe Biden in 2008. Now, they’re not sure he’s the one.",neutral,15
"The Cybersecurity 202: Trump administration scooping up Americans' data in effort to track undocumented immigrants, ACLU says",neutral,17
Ex-Trump employees share stage with Biden to blast their former boss,negative,11
Trump ditches effort to kill OPM after bipartisan pushback,negative,9
Senate Republicans look to hold short impeachment trial despite Trump’s desire for an aggressive defense,negative,15
"Biden clearly doesn’t like talking about his son’s overseas business dealings. Lately, it’s been an unavoidable topic on the campaign trail.",negative,21
House Democrats unveil two articles of impeachment against Trump White House predicts ‘full exoneration’ in GOP-led Senate,neutral,17
"Under pressure, Buttigieg releases names of former McKinsey clients",negative,9
A day of history accentuates America’s divide and the distortions of truth in the Trump era,negative,16
House Democrats say Trump is unfit for office but eagerly deal with him on trade,neutral,15
Trump’s already running the race he wants: Against an opponent as unpopular as he is,negative,15
Giuliani says Trump asked him to brief Justice Dept. and GOP senators on his Ukraine findings,neutral,16
Trump?s moves to salvage North Korea nuclear talks amid threats from Pyongyang draw rebukes from Bolton and Biden ,negative,19
William P. Barr continues to prove that he’s precisely the attorney general President Trump was looking for,neutral,17
The annotated articles of impeachment against Trump,neutral,7
The Daily 202: FBI director shows independence from Trump and Barr in responding to IG report on Russia probe,neutral,19
The Finance 202: Pete Buttigieg is poised to rake in even more Wall Street money,neutral,15
Power Up: Trump and his allies see a different inspector general report than everyone else,negative,15
Trump’s NATO parade of falsehoods and misstatements,negative,7
Lawyer for Democrats calls Trump ‘a clear and present danger’ as he argues case for removal,negative,16
"Democrats expected to unveil articles of impeachment against Trump, focusing on abuse of power, obstruction of Congress",negative,17
How could 63 million people be wrong? The GOP strains to make precedent-related defenses of Trump.,negative,16
What Trump claimed about the Russia probe — and what the Justice Department inspector general determined,neutral,16
"If officials objecting to Trump’s candidacy was 2016 interference, interference by allies was rampant",neutral,14
